Workbook

Sheet Sheet1
A1: 碎片类型 | B1: 独立id | C1: 英雄类型 | D1: 元素 | E1: 权重 | F1: 碎片名称 | G1: 英雄名称 | H1: 英雄星级 | I1: 英雄梯度 | J1: 英雄是否产出 | K1: 英雄梯度
A2: 3 | B2: 3 | C2: 3 | D2: 3 | E2: 3 | F2: 3 | G2: 3 | H2: 3 | I2: 3 | J2: 3 | K2: 3
A3: item_type | B3: idx | C3: hero_id | D3: element | E3: weight | F3: note1 | G3: note2 | H3: note3 | I3: note4 | J3: note5 | K3: note5
A4: 950001 | B4: 1 | C4: 10105007 | D4: 1 | E4: 50 | F4: 火系精英碎片 | G4: 烈焰骑士 | H4: 5 | I4: 1 | J4: =IFERROR(INDEX(Sheet2!$J$2:$J$11,MATCH(G4,Sheet2!$H$2:$H$11,0)),"无") -> 无 | K4: =IFERROR(INDEX(Sheet2!$I$14:$I$30,MATCH(G4,Sheet2!$H$14:$H$30,0)),"无") -> 1
A5: 950001 | B5: 2 | C5: 10105008 | D5: 1 | E5: 50 | F5: 火系精英碎片 | G5: 毁灭之烬 | H5: 5 | I5: 1 | J5: =IFERROR(INDEX(Sheet2!$J$2:$J$11,MATCH(G5,Sheet2!$H$2:$H$11,0)),"无") -> 无 | K5: =IFERROR(INDEX(Sheet2!$I$14:$I$30,MATCH(G5,Sheet2!$H$14:$H$30,0)),"无") -> 1
A6: 950001 | B6: 3 | C6: 10105009 | D6: 1 | E6: 800 | F6: 火系精英碎片 | G6: 赤焰舞姬 | H6: 5 | I6: 2 | J6: =IFERROR(INDEX(Sheet2!$J$2:$J$11,MATCH(G6,Sheet2!$H$2:$H$11,0)),"无") -> 无 | K6: =IFERROR(INDEX(Sheet2!$I$14:$I$30,MATCH(G6,Sheet2!$H$14:$H$30,0)),"无") -> 无
A7: 950001 | B7: 4 | C7: 10105013 | D7: 1 | E7: 800 | F7: 火系精英碎片 | G7: 恶灵少女·莉莉安 | H7: 5 | I7: 2 | J7: =IFERROR(INDEX(Sheet2!$J$2:$J$11,MATCH(G7,Sheet2!$H$2:$H$11,0)),"无") -> 无 | K7: =IFERROR(INDEX(Sheet2!$I$14:$I$30,MATCH(G7,Sheet2!$H$14:$H$30,0)),"无") -> 无
A8: 950001 | B8: 5 | C8: 10105014 | D8: 1 | E8: 800 | F8: 火系精英碎片 | G8: 沐火龙姬 | H8: 5 | I8: 2 | J8: =IFERROR(INDEX(Sheet2!$J$2:$J$11,MATCH(G8,Sheet2!$H$2:$H$11,0)),"无") -> 无 | K8: =IFERROR(INDEX(Sheet2!$I$14:$I$30,MATCH(G8,Sheet2!$H$14:$H$30,0)),"无") -> 无
A9: 950001 | B9: 6 | C9: 10105015 | D9: 1 | E9: 500 | F9: 火系精英碎片 | G9: 时间魔女·金妮 | H9: 5 | I9: 2 | J9: =IFERROR(INDEX(Sheet2!$J$2:$J$11,MATCH(G9,Sheet2!$H$2:$H$11,0)),"无") -> 无 | K9: =IFERROR(INDEX(Sheet2!$I$14:$I$30,MATCH(G9,Sheet2!$H$14:$H$30,0)),"无") -> 无
A10: 950001 | B10: 7 | C10: 10105020 | D10: 1 | E10: 50 | F10: 火系精英碎片 | G10: 尼罗公主 | H10: 5 | I10: 1 | J10: =IFERROR(INDEX(Sheet2!$J$2:$J$11,MATCH(G10,Sheet2!$H$2:$H$11,0)),"无") -> 无 | K10: =IFERROR(INDEX(Sheet2!$I$14:$I$30,MATCH(G10,Sheet2!$H$14:$H$30,0)),"无") -> 1
A11: 950001 | B11: 8 | C11: 10105022 | D11: 1 | E11: 0 | F11: 火系精英碎片 | G11: 圣焰女巫·迦娜 | H11: 5 | I11: 1 | J11: =IFERROR(INDEX(Sheet2!$J$2:$J$11,MATCH(G11,Sheet2!$H$2:$H$11,0)),"无") -> 1 | K11: =IFERROR(INDEX(Sheet2!$I$14:$I$30,MATCH(G11,Sheet2!$H$14:$H$30,0)),"无") -> 无
A12: 950002 | B12: 9 | C12: 10205008 | D12: 2 | E12: 800 | F12: 水系精英碎片 | G12: 格伦男爵 | H12: 5 | I12: 2 | J12: =IFERROR(INDEX(Sheet2!$J$2:$J$11,MATCH(G12,Sheet2!$H$2:$H$11,0)),"无") -> 无 | K12: =IFERROR(INDEX(Sheet2!$I$14:$I$30,MATCH(G12,Sheet2!$H$14:$H$30,0)),"无") -> 无
A13: 950002 | B13: 10 | C13: 10205009 | D13: 2 | E13: 100 | F13: 水系精英碎片 | G13: 亚瑟 | H13: 5 | I13: 1 | J13: =IFERROR(INDEX(Sheet2!$J$2:$J$11,MATCH(G13,Sheet2!$H$2:$H$11,0)),"无") -> 无 | K13: =IFERROR(INDEX(Sheet2!$I$14:$I$30,MATCH(G13,Sheet2!$H$14:$H$30,0)),"无") -> 无
A14: 950002 | B14: 11 | C14: 10205010 | D14: 2 | E14: 100 | F14: 水系精英碎片 | G14: 时光刺客 | H14: 5 | I14: 1 | J14: =IFERROR(INDEX(Sheet2!$J$2:$J$11,MATCH(G14,Sheet2!$H$2:$H$11,0)),"无") -> 无 | K14: =IFERROR(INDEX(Sheet2!$I$14:$I$30,MATCH(G14,Sheet2!$H$14:$H$30,0)),"无") -> 无
A15: 950002 | B15: 12 | C15: 10205011 | D15: 2 | E15: 800 | F15: 水系精英碎片 | G15: 章鱼公主 | H15: 5 | I15: 2 | J15: =IFERROR(INDEX(Sheet2!$J$2:$J$11,MATCH(G15,Sheet2!$H$2:$H$11,0)),"无") -> 无 | K15: =IFERROR(INDEX(Sheet2!$I$14:$I$30,MATCH(G15,Sheet2!$H$14:$H$30,0)),"无") -> 无
... A317: 20105022 | B317: 314 | C317: 10105022 | D317: 1 | E317: 1000 | F317: 圣焰女巫·迦娜碎片 | G317: 圣焰女巫·迦娜 | H317: 5 | I317: 1 | J317: =IFERROR(INDEX(Sheet2!$J$2:$J$11,MATCH(G317,Sheet2!$H$2:$H$11,0)),"无") -> 1 | K317: =IFERROR(INDEX(Sheet2!$I$14:$I$30,MATCH(G317,Sheet2!$H$14:$H$30,0)),"无") -> 无
A318: 20105023 | B318: 392 | C318: 10105023 | D318: 1 | E318: 1000 | F318: 火灵领主·阿塔卡碎片 | G318: 火灵领主·阿塔卡 | H318: 5 | I318: 1 | J318: 1 | K318: 1
A319: 20201001 | B319: 315 | C319: 10201001 | D319: 2 | E319: 1000 | F319: 布鲁碎片 | G319: 布鲁 | H319: 1 | I319: 999 | J319: =IFERROR(INDEX(Sheet2!$J$2:$J$11,MATCH(G319,Sheet2!$H$2:$H$11,0)),"无") -> 无 | K319: =IFERROR(INDEX(Sheet2!$I$14:$I$30,MATCH(G319,Sheet2!$H$14:$H$30,0)),"无") -> 无
A320: 20202002 | B320: 316 | C320: 10202002 | D320: 2 | E320: 1000 | F320: 冰霜元素碎片 | G320: 冰霜元素 | H320: 2 | I320: 999 | J320: =IFERROR(INDEX(Sheet2!$J$2:$J$11,MATCH(G320,Sheet2!$H$2:$H$11,0)),"无") -> 无 | K320: =IFERROR(INDEX(Sheet2!$I$14:$I$30,MATCH(G320,Sheet2!$H$14:$H$30,0)),"无") -> 无
A321: 20203003 | B321: 317 | C321: 10203003 | D321: 2 | E321: 1000 | F321: 冰晶女巫碎片 | G321: 冰晶女巫 | H321: 3 | I321: 999 | J321: =IFERROR(INDEX(Sheet2!$J$2:$J$11,MATCH(G321,Sheet2!$H$2:$H$11,0)),"无") -> 无 | K321: =IFERROR(INDEX(Sheet2!$I$14:$I$30,MATCH(G321,Sheet2!$H$14:$H$30,0)),"无") -> 无
A322: 20204004 | B322: 318 | C322: 10204004 | D322: 2 | E322: 1000 | F322: 缇芮碎片 | G322: 缇芮 | H322: 4 | I322: 999 | J322: =IFERROR(INDEX(Sheet2!$J$2:$J$11,MATCH(G322,Sheet2!$H$2:$H$11,0)),"无") -> 无 | K322: =IFERROR(INDEX(Sheet2!$I$14:$I$30,MATCH(G322,Sheet2!$H$14:$H$30,0)),"无") -> 无
A323: 20204005 | B323: 319 | C323: 10204005 | D323: 2 | E323: 1000 | F323: 寒冬之怒碎片 | G323: 寒冬之怒 | H323: 4 | I323: 999 | J323: =IFERROR(INDEX(Sheet2!$J$2:$J$11,MATCH(G323,Sheet2!$H$2:$H$11,0)),"无") -> 无 | K323: =IFERROR(INDEX(Sheet2!$I$14:$I$30,MATCH(G323,Sheet2!$H$14:$H$30,0)),"无") -> 无
A324: 20205006 | B324: 320 | C324: 10205006 | D324: 2 | E324: 1000 | F324: 海神祭司碎片 | G324: 海神祭司 | H324: 5 | I324: 3 | J324: =IFERROR(INDEX(Sheet2!$J$2:$J$11,MATCH(G324,Sheet2!$H$2:$H$11,0)),"无") -> 无 | K324: =IFERROR(INDEX(Sheet2!$I$14:$I$30,MATCH(G324,Sheet2!$H$14:$H$30,0)),"无") -> 无
A325: 20205007 | B325: 321 | C325: 10205007 | D325: 2 | E325: 1000 | F325: 寒冰战姬碎片 | G325: 寒冰战姬 | H325: 5 | I325: 3 | J325: =IFERROR(INDEX(Sheet2!$J$2:$J$11,MATCH(G325,Sheet2!$H$2:$H$11,0)),"无") -> 无 | K325: =IFERROR(INDEX(Sheet2!$I$14:$I$30,MATCH(G325,Sheet2!$H$14:$H$30,0)),"无") -> 无
A326: 20205008 | B326: 322 | C326: 10205008 | D326: 2 | E326: 1000 | F326: 格伦男爵碎片 | G326: 格伦男爵 | H326: 5 | I326: 2 | J326: =IFERROR(INDEX(Sheet2!$J$2:$J$11,MATCH(G326,Sheet2!$H$2:$H$11,0)),"无") -> 无 | K326: =IFERROR(INDEX(Sheet2!$I$14:$I$30,MATCH(G326,Sheet2!$H$14:$H$30,0)),"无") -> 无
A327: 20205009 | B327: 323 | C327: 10205009 | D327: 2 | E327: 1000 | F327: 亚瑟碎片 | G327: 亚瑟 | H327: 5 | I327: 1 | J327: =IFERROR(INDEX(Sheet2!$J$2:$J$11,MATCH(G327,Sheet2!$H$2:$H$11,0)),"无") -> 无 | K327: =IFERROR(INDEX(Sheet2!$I$14:$I$30,MATCH(G327,Sheet2!$H$14:$H$30,0)),"无") -> 无
A328: 20205010 | B328: 324 | C328: 10205010 | D328: 2 | E328: 1000 | F328: 时光刺客碎片 | G328: 时光刺客 | H328: 5 | I328: 1 | J328: =IFERROR(INDEX(Sheet2!$J$2:$J$11,MATCH(G328,Sheet2!$H$2:$H$11,0)),"无") -> 无 | K328: =IFERROR(INDEX(Sheet2!$I$14:$I$30,MATCH(G328,Sheet2!$H$14:$H$30,0)),"无") -> 无
A329: 20205011 | B329: 325 | C329: 10205011 | D329: 2 | E329: 1000 | F329: 章鱼公主碎片 | G329: 章鱼公主 | H329: 5 | I329: 2 | J329: =IFERROR(INDEX(Sheet2!$J$2:$J$11,MATCH(G329,Sheet2!$H$2:$H$11,0)),"无") -> 无 | K329: =IFERROR(INDEX(Sheet2!$I$14:$I$30,MATCH(G329,Sheet2!$H$14:$H$30,0)),"无") -> 无
A330: 20204012 | B330: 326 | C330: 10204012 | D330: 2 | E330: 1000 | F330: 冰脊龙碎片 | G330: 恶龙之眼 | H330: 4 | I330: 999 | J330: =IFERROR(INDEX(Sheet2!$J$2:$J$11,MATCH(G330,Sheet2!$H$2:$H$11,0)),"无") -> 无 | K330: =IFERROR(INDEX(Sheet2!$I$14:$I$30,MATCH(G330,Sheet2!$H$14:$H$30,0)),"无") -> 无
... A378: 20405015 | B378: 373 | C378: 10405015 | D378: 4 | E378: 1000 | F378: 起源法则·创世碎片 | G378: 起源法则·创世 | H378: 5 | I378: 1 | J378: =IFERROR(INDEX(Sheet2!$J$2:$J$11,MATCH(G378,Sheet2!$H$2:$H$11,0)),"无") -> 1 | K378: =IFERROR(INDEX(Sheet2!$I$14:$I$30,MATCH(G378,Sheet2!$H$14:$H$30,0)),"无") -> 无
A379: 20405016 | B379: 374 | C379: 10405016 | D379: 4 | E379: 1000 | F379: 魔法少女·樱碎片 | G379: 魔法少女·樱 | H379: 5 | I379: 1 | J379: 无 | K379: 无
A380: 20405017 | B380: 393 | C380: 10405017 | D380: 4 | E380: 1000 | F380: 光之幻·月碎片 | G380: 光之幻·月 | H380: 5 | I380: 1 | J380: 1 | K380: 1
A381: 20405018 | B381: 395 | C381: 10405018 | D381: 4 | E381: 1000 | F381: 圣龙王座-欧西里斯碎片 | G381: 圣龙王座-欧西里斯 | H381: 5 | I381: 1 | J381: 1 | K381: 1
A382: 20405019 | B382: 398 | C382: 10405019 | D382: 4 | E382: 1000 | F382: 奶牛特工·慕思碎片 | G382: 奶牛特工·慕思 | H382: 5 | I382: 1 | J382: 1 | K382: 1
A383: 20405020 | B383: 401 | C383: 10405020 | D383: 4 | E383: 1000 | F383: 异瞳猫女·朵拉碎片 | G383: 异瞳猫女·朵拉 | H383: 5 | I383: 1 | J383: 1 | K383: 1
A384: 20503001 | B384: 375 | C384: 10503001 | D384: 5 | E384: 1000 | F384: 恶魔之眼碎片 | G384: 恶魔之眼 | H384: 3 | I384: 999 | J384: =IFERROR(INDEX(Sheet2!$J$2:$J$11,MATCH(G384,Sheet2!$H$2:$H$11,0)),"无") -> 无 | K384: =IFERROR(INDEX(Sheet2!$I$14:$I$30,MATCH(G384,Sheet2!$H$14:$H$30,0)),"无") -> 无
A385: 20504002 | B385: 376 | C385: 10504002 | D385: 5 | E385: 1000 | F385: 深渊元首碎片 | G385: 深渊元首 | H385: 4 | I385: 999 | J385: =IFERROR(INDEX(Sheet2!$J$2:$J$11,MATCH(G385,Sheet2!$H$2:$H$11,0)),"无") -> 无 | K385: =IFERROR(INDEX(Sheet2!$I$14:$I$30,MATCH(G385,Sheet2!$H$14:$H$30,0)),"无") -> 无
A386: 20504003 | B386: 377 | C386: 10504003 | D386: 5 | E386: 1000 | F386: 暗黑女爵碎片 | G386: 暗黑女爵 | H386: 5 | I386: 3 | J386: =IFERROR(INDEX(Sheet2!$J$2:$J$11,MATCH(G386,Sheet2!$H$2:$H$11,0)),"无") -> 无 | K386: =IFERROR(INDEX(Sheet2!$I$14:$I$30,MATCH(G386,Sheet2!$H$14:$H$30,0)),"无") -> 无
A387: 20505004 | B387: 378 | C387: 10505004 | D387: 5 | E387: 1000 | F387: 爱德华碎片 | G387: 爱德华 | H387: 5 | I387: 2 | J387: =IFERROR(INDEX(Sheet2!$J$2:$J$11,MATCH(G387,Sheet2!$H$2:$H$11,0)),"无") -> 无 | K387: =IFERROR(INDEX(Sheet2!$I$14:$I$30,MATCH(G387,Sheet2!$H$14:$H$30,0)),"无") -> 无
A388: 20505005 | B388: 379 | C388: 10505005 | D388: 5 | E388: 1000 | F388: 黑暗切割者碎片 | G388: 黑暗切割者 | H388: 5 | I388: 1 | J388: =IFERROR(INDEX(Sheet2!$J$2:$J$11,MATCH(G388,Sheet2!$H$2:$H$11,0)),"无") -> 无 | K388: =IFERROR(INDEX(Sheet2!$I$14:$I$30,MATCH(G388,Sheet2!$H$14:$H$30,0)),"无") -> 1
A389: 20505006 | B389: 380 | C389: 10505006 | D389: 5 | E389: 1000 | F389: 末日使者碎片 | G389: 末日使者 | H389: 5 | I389: 2 | J389: =IFERROR(INDEX(Sheet2!$J$2:$J$11,MATCH(G389,Sheet2!$H$2:$H$11,0)),"无") -> 无 | K389: =IFERROR(INDEX(Sheet2!$I$14:$I$30,MATCH(G389,Sheet2!$H$14:$H$30,0)),"无") -> 无
A390: 20505007 | B390: 381 | C390: 10505007 | D390: 5 | E390: 1000 | F390: 莫露可碎片 | G390: 莫露可 | H390: 5 | I390: 2 | J390: =IFERROR(INDEX(Sheet2!$J$2:$J$11,MATCH(G390,Sheet2!$H$2:$H$11,0)),"无") -> 无 | K390: =IFERROR(INDEX(Sheet2!$I$14:$I$30,MATCH(G390,Sheet2!$H$14:$H$30,0)),"无") -> 无
A391: 20505008 | B391: 382 | C391: 10505008 | D391: 5 | E391: 1000 | F391: 亡灵之刃碎片 | G391: 亡灵之刃 | H391: 4 | I391: 999 | J391: =IFERROR(INDEX(Sheet2!$J$2:$J$11,MATCH(G391,Sheet2!$H$2:$H$11,0)),"无") -> 无 | K391: =IFERROR(INDEX(Sheet2!$I$14:$I$30,MATCH(G391,Sheet2!$H$14:$H$30,0)),"无") -> 无
A392: 20505009 | B392: 383 | C392: 10505009 | D392: 5 | E392: 1000 | F392: 金属大师碎片 | G392: 金属大师 | H392: 5 | I392: 2 | J392: =IFERROR(INDEX(Sheet2!$J$2:$J$11,MATCH(G392,Sheet2!$H$2:$H$11,0)),"无") -> 无 | K392: =IFERROR(INDEX(Sheet2!$I$14:$I$30,MATCH(G392,Sheet2!$H$14:$H$30,0)),"无") -> 无
A393: 20505010 | B393: 384 | C393: 10505010 | D393: 5 | E393: 1000 | F393: 缚魂者·零碎片 | G393: 缚魂者·零 | H393: 5 | I393: 1 | J393: =IFERROR(INDEX(Sheet2!$J$2:$J$11,MATCH(G393,Sheet2!$H$2:$H$11,0)),"无") -> 无 | K393: =IFERROR(INDEX(Sheet2!$I$14:$I$30,MATCH(G393,Sheet2!$H$14:$H$30,0)),"无") -> 1
A394: 20505011 | B394: 385 | C394: 10505011 | D394: 5 | E394: 1000 | F394: 黑暗兵器·零子碎片 | G394: 黑暗兵器·阿金妮 | H394: 5 | I394: 1 | J394: =IFERROR(INDEX(Sheet2!$J$2:$J$11,MATCH(G394,Sheet2!$H$2:$H$11,0)),"无") -> 无 | K394: =IFERROR(INDEX(Sheet2!$I$14:$I$30,MATCH(G394,Sheet2!$H$14:$H$30,0)),"无") -> 1
A395: 20504012 | B395: 386 | C395: 10504012 | D395: 5 | E395: 1000 | F395: 暗化幼龙碎片 | G395: 暗化幼龙 | H395: 4 | I395: 999 | J395: =IFERROR(INDEX(Sheet2!$J$2:$J$11,MATCH(G395,Sheet2!$H$2:$H$11,0)),"无") -> 无 | K395: =IFERROR(INDEX(Sheet2!$I$14:$I$30,MATCH(G395,Sheet2!$H$14:$H$30,0)),"无") -> 无
... A398: 20505015 | B398: 389 | C398: 10505015 | D398: 5 | E398: 1000 | F398: 暗影驱动·卡卡碎片 | G398: 暗影驱动·卡卡 | H398: 5 | I398: 1 | J398: =IFERROR(INDEX(Sheet2!$J$2:$J$11,MATCH(G398,Sheet2!$H$2:$H$11,0)),"无") -> 1 | K398: =IFERROR(INDEX(Sheet2!$I$14:$I$30,MATCH(G398,Sheet2!$H$14:$H$30,0)),"无") -> 无
A399: 20505016 | B399: 390 | C399: 10505016 | D399: 5 | E399: 1000 | F399: 魔蝶女巫·芭芭拉碎片 | G399: 魔蝶女巫·芭芭拉 | H399: 5 | I399: 1 | J399: 无 | K399: 1
A400: 20505017 | B400: 391 | C400: 10505017 | D400: 5 | E400: 1000 | F400: 雷鬼·利亚斯碎片 | G400: 雷鬼·利亚斯 | H400: 5 | I400: 1 | J400: 1 | K400: 1
A401: 20505018 | B401: 394 | C401: 10505018 | D401: 5 | E401: 1000 | F401: 灵魂祭司·赛娜碎片 | G401: 灵魂祭司·赛娜 | H401: 5 | I401: 1 | J401: 1 | K401: 1
A402: 20505019 | B402: 396 | C402: 10505019 | D402: 5 | E402: 1000 | F402: 泰坦·威尔顿碎片 | G402: 泰坦·威尔顿 | H402: 5 | I402: 1 | J402: 1 | K402: 1
A403: 20505020 | B403: 397 | C403: 10505020 | D403: 5 | E403: 1000 | F403: 重奏邪使·佩兹碎片 | G403: 重奏邪使·佩兹 | H403: 5 | I403: 1 | J403: 1 | K403: 1
A404: 20505021 | B404: 399 | C404: 10505021 | D404: 5 | E404: 1000 | F404: 功夫大侠·熊猫碎片 | G404: 功夫大侠·熊猫 | H404: 5 | I404: 1 | J404: 1 | K404: 1

Sheet Sheet2
A1: 类型 | D1: 职业 | E1: 元素 | F1: 初始星级
A2: 10101001 | B2: 独眼梦魇 | C2: #N/A | D2: 1 | E2: 1 | F2: 1 | H2: 乃音 | I2: 高抽没产出 | J2: 1
A3: 10102002 | B3: 玛蒙 | C3: #N/A | D3: 4 | E3: 1 | F3: 2 | H3: 祷告少女·樱乃 | I3: 高抽没产出 | J3: 1
A4: 10103003 | B4: 灰烬使者 | C4: #N/A | D4: 1 | E4: 1 | F4: 3 | H4: 圣焰女巫·迦娜 | I4: 高抽没产出 | J4: 1
A5: 10104004 | B5: 赛西莉 | C5: #N/A | D5: 3 | E5: 1 | F5: 4 | H5: 凯萨丁 | I5: 高抽没产出 | J5: 1
A6: 10104005 | B6: 荆棘之炎 | C6: #N/A | D6: 4 | E6: 1 | F6: 4 | H6: 圣光精灵 | I6: 高抽没产出 | J6: 1
A7: 10105006 | B7: 安妮雅 | C7: 3 | D7: 3 | E7: 1 | F7: 5 | H7: 兔兔大小姐 | I7: 高抽没产出 | J7: 1
A8: 10105007 | B8: 烈焰骑士 | C8: 1 | D8: 3 | E8: 1 | F8: 5 | H8: 起源法则·创世 | I8: 高抽没产出 | J8: 1
A9: 10105008 | B9: 毁灭之烬 | C9: 1 | D9: 1 | E9: 1 | F9: 5 | H9: 冥灯女王 | I9: 高抽没产出 | J9: 1
A10: 10105009 | B10: 赤焰舞姬 | C10: 2 | D10: 1 | E10: 1 | F10: 5 | H10: 暗影驱动·卡卡 | I10: 高抽没产出 | J10: 1
A11: 10105010 | B11: 琪亚娜 | C11: 3 | D11: 2 | E11: 1 | F11: 5 | H11: 无双假面*晓 | I11: 已产出 | J11: 1
A12: 10105011 | B12: 魅惑之拥 | C12: 3 | D12: 5 | E12: 1 | F12: 5
A13: 10104012 | B13: 武道女帝·弥岚 | C13: #N/A | D13: 2 | E13: 1 | F13: 4
A14: 10105013 | B14: 恶灵少女·莉莉安 | C14: 2 | D14: 4 | E14: 1 | F14: 5 | H14: 主宰者 | I14: 1
A15: 10105014 | B15: 沐火龙姬 | C15: 2 | D15: 2 | E15: 1 | F15: 5 | H15: 圣殿骑士 | I15: 1
A16: 10105015 | B16: 时间魔女·金妮 | C16: 2 | D16: 2 | E16: 1 | F16: 5 | H16: 始祖夏姆达 | I16: 1
A17: 10104016 | B17: 肥啾 | C17: #N/A | D17: 1 | E17: 1 | F17: 4 | H17: 黑暗切割者 | I17: 1
A18: 10104017 | B18: 炽焰幼龙 | C18: #N/A | D18: 1 | E18: 1 | F18: 4 | H18: 缚魂者·零 | I18: 1
A19: 10105018 | B19: 莫迪诺加斯 | C19: 3 | D19: 1 | E19: 1 | F19: 5 | H19: 黑暗兵器·阿金妮 | I19: 1
A20: 10105019 | B20: 凯兹 | C20: 3 | D20: 2 | E20: 1 | F20: 5 | H20: 超载者·W | I20: 1
A21: 10105020 | B21: 尼罗公主 | C21: 1 | D21: 2 | E21: 1 | F21: 5 | H21: 森林缴械者 | I21: 1
A22: 10105022 | B22: 圣焰女巫·迦娜 | C22: 1 | D22: 5 | E22: 1 | F22: 5 | H22: 萝莫拉 | I22: 1
A23: 10201001 | B23: 布鲁 | C23: #N/A | D23: 5 | E23: 2 | F23: 1 | H23: 森林之主 | I23: 1
A24: 10202002 | B24: 冰霜元素 | C24: #N/A | D24: 1 | E24: 2 | F24: 2 | H24: 冰晶骑士 | I24: 1
A25: 10203003 | B25: 冰晶女巫 | C25: #N/A | D25: 3 | E25: 2 | F25: 3 | H25: 占星师·喵莉丝 | I25: 1
A26: 10204004 | B26: 缇芮 | C26: #N/A | D26: 1 | E26: 2 | F26: 4 | H26: 露希安 | I26: 1
A27: 10204005 | B27: 寒冬之怒 | C27: #N/A | D27: 2 | E27: 2 | F27: 4 | H27: 烈焰骑士 | I27: 1
A28: 10205006 | B28: 海神祭司 | C28: 3 | D28: 1 | E28: 2 | F28: 5 | H28: 毁灭之烬 | I28: 1
A29: 10205007 | B29: 寒冰战姬 | C29: 3 | D29: 4 | E29: 2 | F29: 5 | H29: 尼罗公主 | I29: 1
A30: 10205008 | B30: 格伦男爵 | C30: 2 | D30: 3 | E30: 2 | F30: 5 | H30: 无双假面*晓 | I30: 1
A31: 10205009 | B31: 亚瑟 | C31: 1 | D31: 1 | E31: 2 | F31: 5
A32: 10205010 | B32: 时光刺客 | C32: 1 | D32: 4 | E32: 2 | F32: 5
A33: 10205011 | B33: 章鱼公主 | C33: 2 | D33: 2 | E33: 2 | F33: 5
A34: 10204012 | B34: 恶龙之眼 | C34: #N/A | D34: 1 | E34: 2 | F34: 4
A35: 10204013 | B35: 唤潮剑姬 | C35: 3 | D35: 1 | E35: 2 | F35: 5
A36: 10205014 | B36: 乃音 | C36: 1 | D36: 3 | E36: 2 | F36: 5
A37: 10205015 | B37: 凯萨丁 | C37: 2 | D37: 5 | E37: 2 | F37: 5
A38: 10204016 | B38: Doc.企鹅绅士 | C38: #N/A | D38: 1 | E38: 2 | F38: 4
A39: 10204017 | B39: 水元素史莱姆 | C39: #N/A | D39: 1 | E39: 2 | F39: 4
A40: 10205018 | B40: 诺薇亚之心 | C40: 3 | D40: 1 | E40: 2 | F40: 5
A41: 10205019 | B41: 诺薇亚之力 | C41: 3 | D41: 4 | E41: 2 | F41: 5
A42: 10205020 | B42: 冰晶骑士 | C42: 2 | D42: 2 | E42: 2 | F42: 5
A43: 10205021 | B43: 占星师·喵莉丝 | C43: 2 | D43: 1 | E43: 2 | F43: 5
A44: 10205022 | B44: 露希安 | C44: 1 | D44: 2 | E44: 2 | F44: 5
A45: 10301001 | B45: 树精 | C45: #N/A | D45: 4 | E45: 3 | F45: 1
A46: 10302002 | B46: 追猎者 | C46: #N/A | D46: 3 | E46: 3 | F46: 2
A47: 10303003 | B47: 狩猎者 | C47: #N/A | D47: 5 | E47: 3 | F47: 3
A48: 10304004 | B48: 木灵使者 | C48: #N/A | D48: 1 | E48: 3 | F48: 4
A49: 10304005 | B49: 诺亚 | C49: #N/A | D49: 1 | E49: 3 | F49: 4
A50: 10305006 | B50: 风行之神 | C50: 3 | D50: 3 | E50: 3 | F50: 5
A51: 10305007 | B51: 圣光精灵 | C51: 1 | D51: 3 | E51: 3 | F51: 5
A52: 10305008 | B52: 超载者·W | C52: 2 | D52: 1 | E52: 3 | F52: 5
A53: 10305009 | B53: 伊芙 | C53: 1 | D53: 5 | E53: 3 | F53: 5
A54: 10305010 | B54: 安塔利亚 | C54: 2 | D54: 2 | E54: 3 | F54: 5
A55: 10305011 | B55: 开膛手·J | C55: 3 | D55: 4 | E55: 3 | F55: 5
A56: 10304012 | B56: 布兰特 | C56: #N/A | D56: 1 | E56: 3 | F56: 4
A57: 10305013 | B57: 柯莱指挥官 | C57: 3 | D57: 4 | E57: 3 | F57: 5
A58: 10305014 | B58: 森林缴械者 | C58: 2 | D58: 4 | E58: 3 | F58: 5
A59: 10305015 | B59: 提米 | C59: 1 | D59: 2 | E59: 3 | F59: 5
A60: 10304016 | B60: 流浪稻草人 | C60: #N/A | D60: 1 | E60: 3 | F60: 4
A61: 10304017 | B61: 风暴之雏 | C61: #N/A | D61: 1 | E61: 3 | F61: 4
A62: 10305018 | B62: 菲林德之翼 | C62: 3 | D62: 5 | E62: 3 | F62: 5
A63: 10305019 | B63: 莫格幼体 | C63: 3 | D63: 3 | E63: 3 | F63: 5
A64: 10305020 | B64: 萝莫拉 | C64: 2 | D64: 1 | E64: 3 | F64: 5
A65: 10305021 | B65: 伊狸 | C65: 2 | D65: 1 | E65: 3 | F65: 5
A66: 10305022 | B66: 祷告少女·樱乃 | C66: 1 | D66: 5 | E66: 3 | F66: 5
A67: 10403001 | B67: 蕾雅 | C67: #N/A | D67: 4 | E67: 4 | F67: 3
A68: 10404002 | B68: 蒂芬妮 | C68: #N/A | D68: 3 | E68: 4 | F68: 4
A69: 10404003 | B69: 赛拉 | C69: #N/A | D69: 2 | E69: 4 | F69: 4
A70: 10405004 | B70: 卡伊 | C70: 2 | D70: 3 | E70: 4 | F70: 5
A71: 10405005 | B71: 战争女神 | C71: 1 | D71: 3 | E71: 4 | F71: 5
A72: 10405006 | B72: 主宰者 | C72: 1 | D72: 4 | E72: 4 | F72: 5
A73: 10405007 | B73: 圣殿骑士 | C73: 2 | D73: 5 | E73: 4 | F73: 5
A74: 10405008 | B74: 艾妮利娅 | C74: 3 | D74: 4 | E74: 4 | F74: 5
A75: 10405009 | B75: 利姆 | C75: 2 | D75: 4 | E75: 4 | F75: 5
A76: 10405010 | B76: 兔兔大小姐 | C76: 1 | D76: 1 | E76: 4 | F76: 5
A77: 10404012 | B77: 御使精灵 | C77: #N/A | D77: 1 | E77: 4 | F77: 4
A78: 10404013 | B78: 御灵火狐 | C78: #N/A | D78: 1 | E78: 4 | F78: 4
A79: 10405014 | B79: 始祖夏姆达 | C79: 1 | D79: 3 | E79: 4 | F79: 5
A80: 10503001 | B80: 恶魔之眼 | C80: #N/A | D80: 2 | E80: 5 | F80: 3
A81: 10504002 | B81: 深渊元首 | C81: #N/A | D81: 2 | E81: 5 | F81: 4
A82: 10504003 | B82: 暗黑女爵 | C82: 3 | D82: 3 | E82: 5 | F82: 5
A83: 10505004 | B83: 爱德华 | C83: 2 | D83: 2 | E83: 5 | F83: 5
A84: 10505005 | B84: 黑暗切割者 | C84: 1 | D84: 1 | E84: 5 | F84: 5
A85: 10505006 | B85: 末日使者 | C85: 2 | D85: 5 | E85: 5 | F85: 5
A86: 10505007 | B86: 莫露可 | C86: 2 | D86: 5 | E86: 5 | F86: 5
A87: 10505008 | B87: 亡灵之刃 | C87: #N/A | D87: 2 | E87: 5 | F87: 4
A88: 10505009 | B88: 金属大师 | C88: 2 | D88: 1 | E88: 5 | F88: 5
A89: 10505010 | B89: 缚魂者·零 | C89: 1 | D89: 2 | E89: 5 | F89: 5
A90: 10505011 | B90: 黑暗兵器·阿金妮 | C90: 1 | D90: 2 | E90: 5 | F90: 5
A91: 10504012 | B91: 暗化幼龙 | C91: #N/A | D91: 1 | E91: 5 | F91: 4
A92: 10504013 | B92: 捣蛋魔偶 | C92: #N/A | D92: 1 | E92: 5 | F92: 4
A93: 10505014 | B93: 冥灯女王 | C93: 1 | D93: 1 | E93: 5 | F93: 5

Sheet Sheet3
A1: 950001 | B1: 火系精英碎片
A2: 950002 | B2: 水系精英碎片
A3: 950003 | B3: 木系精英碎片
A4: 950004 | B4: 光系精英碎片
A5: 950005 | B5: 暗系精英碎片
A6: 950006 | B6: 5星精英碎片
A7: 950007 | B7: 光暗精英碎片
A8: 950008 | B8: 普通光暗5星碎片
A9: 20003000 | B9: 随机3星碎片
A10: 20103000 | B10: 火系3星碎片
A11: 20203000 | B11: 水系3星碎片
A12: 20303000 | B12: 木系3星碎片
... A119: 20505014 | B119: 冥灯女王碎片
